{"n":"bulbcc life","v":9,"a":[22,31],"p":[{"b":219,"t":19,"c":[[0,-0.5,0.5,16,12,3,-23,16,-12,14,-24,18,-19,20,34],[0.4,-0.5,0.2,0,53],[-0.4,-0.5,0.2,17,13],[-0.2,-0.5,0.2,13],[0,-0.5,0.2,9],[0.2,-0.5,0.2,3],[-0.4,-0.5,-0.4,19,17,4],[0.4,-0.5,-0.4,6,41,3],[0,-0.5,-0.3,11,32],[0,-0.3,-0.3,42,25],[0,-0.3,0.5,22,32,3,-34,33,-31,39,-37,41,-39,3,40],[0.4,-0.3,0.2,52,6],[0.5,-0.3,-0.1,48,12],[0.5,-0.5,-0.1,4,45],[-0.5,-0.5,-0.1,18,16],[-0.4,-0.3,0.2,33,40,-4],[-0.5,-0.3,-0.1,35,39],[-0.4,-0.3,-0.4,37,4,34],[-0.2,-0.3,-0.5,38,33],[-0.2,-0.5,-0.5,15,24],[0.2,-0.5,-0.5,7,38],[0.2,-0.3,-0.5,44,19],[0.1,-0.3,-0.2,66,-5],[0.4,-0.3,-0.4,46,5,11],[-0.3,-0.3,-0.2,70],[0,-0.3,0.2,65],[0.2,-0.3,0.2,59]],"s":[{"p":[0,0,0],"r":[0,0,0],"s":[0.1750007,0.1750003,0.1750004],"c":[0.3333331,0.3333331,0.3333331]}]}]}
